MOUS_ID,Main_Data_URL,Main_Data_Size_GB,Auxiliary_Data_URL,Auxiliary_Data_Size_GB,README_URL,Status,Error
uid___A001_X1467_X1d5,https://almascience.eso.org/dataPortal/2019.1.00195.L_uid___A001_X1467_X1d5_001_of_001.tar,40.69,https://almascience.eso.org/dataPortal/2019.1.00195.L_uid___A001_X1467_X1d5_auxiliary.tar,0.21,https://almascience.eso.org/dataPortal/member.uid___A001_X1467_X1d5.README.txt,Success,
uid___A001_X1467_X1dc,https://almascience.eso.org/dataPortal/2019.1.00195.L_uid___A001_X1467_X1dc_001_of_001.tar,51.24,https://almascience.eso.org/dataPortal/2019.1.00195.L_uid___A001_X1467_X1dc_auxiliary.tar,0.96,https://almascience.eso.org/dataPortal/member.uid___A001_X1467_X1dc.README.txt,Success,
uid___A001_X1467_X1de,https://almascience.eso.org/dataPortal/2019.1.00195.L_uid___A001_X1467_X1de_001_of_001.tar,216.5,https://almascience.eso.org/dataPortal/2019.1.00195.L_uid___A001_X1467_X1de_auxiliary.tar,0.62,https://almascience.eso.org/dataPortal/member.uid___A001_X1467_X1de.README.txt,Success,
uid___A001_X1467_X1e3,https://almascience.eso.org/dataPortal/2019.1.00195.L_uid___A001_X1467_X1e3_001_of_001.tar,131.39,https://almascience.eso.org/dataPortal/2019.1.00195.L_uid___A001_X1467_X1e3_auxiliary.tar,1.21,https://almascience.eso.org/dataPortal/member.uid___A001_X1467_X1e3.README.txt,Success,
uid___A001_X1467_X1e5,https://almascience.eso.org/dataPortal/2019.1.00195.L_uid___A001_X1467_X1e5_001_of_001.tar,188.03,https://almascience.eso.org/dataPortal/2019.1.00195.L_uid___A001_X1467_X1e5_auxiliary.tar,0.79,https://almascience.eso.org/dataPortal/member.uid___A001_X1467_X1e5.README.txt,Success,
uid___A001_X1467_X1ea,https://almascience.eso.org/dataPortal/2019.1.00195.L_uid___A001_X1467_X1ea_001_of_001.tar,42.75,https://almascience.eso.org/dataPortal/2019.1.00195.L_uid___A001_X1467_X1ea_auxiliary.tar,0.86,https://almascience.eso.org/dataPortal/member.uid___A001_X1467_X1ea.README.txt,Success,
uid___A001_X1467_X1ec,https://almascience.eso.org/dataPortal/2019.1.00195.L_uid___A001_X1467_X1ec_001_of_001.tar,213.29,https://almascience.eso.org/dataPortal/2019.1.00195.L_uid___A001_X1467_X1ec_auxiliary.tar,0.86,https://almascience.eso.org/dataPortal/member.uid___A001_X1467_X1ec.README.txt,Success,
uid___A001_X1467_X1f1,https://almascience.eso.org/dataPortal/2019.1.00195.L_uid___A001_X1467_X1f1_001_of_001.tar,131.28,https://almascience.eso.org/dataPortal/2019.1.00195.L_uid___A001_X1467_X1f1_auxiliary.tar,0.39,https://almascience.eso.org/dataPortal/member.uid___A001_X1467_X1f1.README.txt,Success,
uid___A001_X1467_X1f8,https://almascience.eso.org/dataPortal/2019.1.00195.L_uid___A001_X1467_X1f8_001_of_001.tar,131.46,https://almascience.eso.org/dataPortal/2019.1.00195.L_uid___A001_X1467_X1f8_auxiliary.tar,0.69,https://almascience.eso.org/dataPortal/member.uid___A001_X1467_X1f8.README.txt,Success,
uid___A001_X1467_X1fa,https://almascience.eso.org/dataPortal/2019.1.00195.L_uid___A001_X1467_X1fa_001_of_001.tar,268.08,https://almascience.eso.org/dataPortal/2019.1.00195.L_uid___A001_X1467_X1fa_auxiliary.tar,0.84,https://almascience.eso.org/dataPortal/member.uid___A001_X1467_X1fa.README.txt,Success,
uid___A001_X1467_X1ff,https://almascience.eso.org/dataPortal/2019.1.00195.L_uid___A001_X1467_X1ff_001_of_001.tar,42.76,https://almascience.eso.org/dataPortal/2019.1.00195.L_uid___A001_X1467_X1ff_auxiliary.tar,0.21,https://almascience.eso.org/dataPortal/member.uid___A001_X1467_X1ff.README.txt,Success,
uid___A001_X1467_X206,https://almascience.eso.org/dataPortal/2019.1.00195.L_uid___A001_X1467_X206_001_of_001.tar,42.78,https://almascience.eso.org/dataPortal/2019.1.00195.L_uid___A001_X1467_X206_auxiliary.tar,0.24,https://almascience.eso.org/dataPortal/member.uid___A001_X1467_X206.README.txt,Success,
uid___A001_X1467_X20d,https://almascience.eso.org/dataPortal/2019.1.00195.L_uid___A001_X1467_X20d_001_of_001.tar,42.0,https://almascience.eso.org/dataPortal/2019.1.00195.L_uid___A001_X1467_X20d_auxiliary.tar,0.38,https://almascience.eso.org/dataPortal/member.uid___A001_X1467_X20d.README.txt,Success,
uid___A001_X1467_X214,https://almascience.eso.org/dataPortal/2019.1.00195.L_uid___A001_X1467_X214_001_of_001.tar,131.54,https://almascience.eso.org/dataPortal/2019.1.00195.L_uid___A001_X1467_X214_auxiliary.tar,0.2,https://almascience.eso.org/dataPortal/member.uid___A001_X1467_X214.README.txt,Success,
uid___A001_X1467_X216,https://almascience.eso.org/dataPortal/2019.1.00195.L_uid___A001_X1467_X216_001_of_001.tar,107.45,https://almascience.eso.org/dataPortal/2019.1.00195.L_uid___A001_X1467_X216_auxiliary.tar,0.31,https://almascience.eso.org/dataPortal/member.uid___A001_X1467_X216.README.txt,Success,
uid___A001_X1467_X218,https://almascience.eso.org/dataPortal/2019.1.00195.L_uid___A001_X1467_X218_001_of_001.tar,3.38,https://almascience.eso.org/dataPortal/2019.1.00195.L_uid___A001_X1467_X218_auxiliary.tar,0.12,https://almascience.eso.org/dataPortal/member.uid___A001_X1467_X218.README.txt,Success,
uid___A001_X1467_X21b,https://almascience.eso.org/dataPortal/2019.1.00195.L_uid___A001_X1467_X21b_001_of_001.tar,115.98,https://almascience.eso.org/dataPortal/2019.1.00195.L_uid___A001_X1467_X21b_auxiliary.tar,0.4,https://almascience.eso.org/dataPortal/member.uid___A001_X1467_X21b.README.txt,Success,
uid___A001_X1467_X222,https://almascience.eso.org/dataPortal/2019.1.00195.L_uid___A001_X1467_X222_001_of_001.tar,183.71,https://almascience.eso.org/dataPortal/2019.1.00195.L_uid___A001_X1467_X222_auxiliary.tar,0.42,https://almascience.eso.org/dataPortal/member.uid___A001_X1467_X222.README.txt,Success,
uid___A001_X1467_X229,https://almascience.eso.org/dataPortal/2019.1.00195.L_uid___A001_X1467_X229_001_of_001.tar,105.98,https://almascience.eso.org/dataPortal/2019.1.00195.L_uid___A001_X1467_X229_auxiliary.tar,0.47,https://almascience.eso.org/dataPortal/member.uid___A001_X1467_X229.README.txt,Success,
uid___A001_X1467_X22b,https://almascience.eso.org/dataPortal/2019.1.00195.L_uid___A001_X1467_X22b_001_of_001.tar,213.28,https://almascience.eso.org/dataPortal/2019.1.00195.L_uid___A001_X1467_X22b_auxiliary.tar,0.64,https://almascience.eso.org/dataPortal/member.uid___A001_X1467_X22b.README.txt,Success,
uid___A001_X1467_X230,https://almascience.eso.org/dataPortal/2019.1.00195.L_uid___A001_X1467_X230_001_of_001.tar,130.49,https://almascience.eso.org/dataPortal/2019.1.00195.L_uid___A001_X1467_X230_auxiliary.tar,0.67,https://almascience.eso.org/dataPortal/member.uid___A001_X1467_X230.README.txt,Success,
uid___A001_X1467_X232,https://almascience.eso.org/dataPortal/2019.1.00195.L_uid___A001_X1467_X232_001_of_001.tar,217.01,https://almascience.eso.org/dataPortal/2019.1.00195.L_uid___A001_X1467_X232_auxiliary.tar,1.02,https://almascience.eso.org/dataPortal/member.uid___A001_X1467_X232.README.txt,Success,
uid___A001_X1467_X237,https://almascience.eso.org/dataPortal/2019.1.00195.L_uid___A001_X1467_X237_001_of_001.tar,54.2,https://almascience.eso.org/dataPortal/2019.1.00195.L_uid___A001_X1467_X237_auxiliary.tar,0.42,https://almascience.eso.org/dataPortal/member.uid___A001_X1467_X237.README.txt,Success,
uid___A001_X1467_X23e,https://almascience.eso.org/dataPortal/2019.1.00195.L_uid___A001_X1467_X23e_001_of_001.tar,130.37,https://almascience.eso.org/dataPortal/2019.1.00195.L_uid___A001_X1467_X23e_auxiliary.tar,0.4,https://almascience.eso.org/dataPortal/member.uid___A001_X1467_X23e.README.txt,Success,
uid___A001_X1467_X240,https://almascience.eso.org/dataPortal/2019.1.00195.L_uid___A001_X1467_X240_001_of_001.tar,215.89,https://almascience.eso.org/dataPortal/2019.1.00195.L_uid___A001_X1467_X240_auxiliary.tar,0.61,https://almascience.eso.org/dataPortal/member.uid___A001_X1467_X240.README.txt,Success,
uid___A001_X146c_X97,https://almascience.eso.org/dataPortal/2019.1.00195.L_uid___A001_X146c_X97_001_of_001.tar,211.7,https://almascience.eso.org/dataPortal/2019.1.00195.L_uid___A001_X146c_X97_auxiliary.tar,0.31,https://almascience.eso.org/dataPortal/member.uid___A001_X146c_X97.README.txt,Success,
uid___A001_X146c_Xac,https://almascience.eso.org/dataPortal/2019.1.00195.L_uid___A001_X146c_Xac_001_of_001.tar,194.83,https://almascience.eso.org/dataPortal/2019.1.00195.L_uid___A001_X146c_Xac_auxiliary.tar,0.57,https://almascience.eso.org/dataPortal/member.uid___A001_X146c_Xac.README.txt,Success,
uid___A001_X146c_Xc1,https://almascience.eso.org/dataPortal/2019.1.00195.L_uid___A001_X146c_Xc1_001_of_001.tar,214.18,https://almascience.eso.org/dataPortal/2019.1.00195.L_uid___A001_X146c_Xc1_auxiliary.tar,0.62,https://almascience.eso.org/dataPortal/member.uid___A001_X146c_Xc1.README.txt,Success,
uid___A001_X146c_Xc8,https://almascience.eso.org/dataPortal/2019.1.00195.L_uid___A001_X146c_Xc8_001_of_001.tar,195.8,https://almascience.eso.org/dataPortal/2019.1.00195.L_uid___A001_X146c_Xc8_auxiliary.tar,1.03,https://almascience.eso.org/dataPortal/member.uid___A001_X146c_Xc8.README.txt,Success,
uid___A001_X146c_Xcf,https://almascience.eso.org/dataPortal/2019.1.00195.L_uid___A001_X146c_Xcf_001_of_001.tar,205.4,https://almascience.eso.org/dataPortal/2019.1.00195.L_uid___A001_X146c_Xcf_auxiliary.tar,1.15,https://almascience.eso.org/dataPortal/member.uid___A001_X146c_Xcf.README.txt,Success,
uid___A001_X146c_Xd6,https://almascience.eso.org/dataPortal/2019.1.00195.L_uid___A001_X146c_Xd6_001_of_001.tar,194.12,https://almascience.eso.org/dataPortal/2019.1.00195.L_uid___A001_X146c_Xd6_auxiliary.tar,0.75,https://almascience.eso.org/dataPortal/member.uid___A001_X146c_Xd6.README.txt,Success,
uid___A001_X146c_Xdd,https://almascience.eso.org/dataPortal/2019.1.00195.L_uid___A001_X146c_Xdd_001_of_001.tar,210.91,https://almascience.eso.org/dataPortal/2019.1.00195.L_uid___A001_X146c_Xdd_auxiliary.tar,0.92,https://almascience.eso.org/dataPortal/member.uid___A001_X146c_Xdd.README.txt,Success,
uid___A001_X146c_Xe4,https://almascience.eso.org/dataPortal/2019.1.00195.L_uid___A001_X146c_Xe4_001_of_001.tar,272.25,https://almascience.eso.org/dataPortal/2019.1.00195.L_uid___A001_X146c_Xe4_auxiliary.tar,1.83,https://almascience.eso.org/dataPortal/member.uid___A001_X146c_Xe4.README.txt,Success,
uid___A001_X146c_Xe6,https://almascience.eso.org/dataPortal/2019.1.00195.L_uid___A001_X146c_Xe6_001_of_001.tar,302.28,https://almascience.eso.org/dataPortal/2019.1.00195.L_uid___A001_X146c_Xe6_auxiliary.tar,1.66,https://almascience.eso.org/dataPortal/member.uid___A001_X146c_Xe6.README.txt,Success,
uid___A001_X146c_Xeb,https://almascience.eso.org/dataPortal/2019.1.00195.L_uid___A001_X146c_Xeb_001_of_001.tar,195.08,https://almascience.eso.org/dataPortal/2019.1.00195.L_uid___A001_X146c_Xeb_auxiliary.tar,0.77,https://almascience.eso.org/dataPortal/member.uid___A001_X146c_Xeb.README.txt,Success,
uid___A001_X146c_Xf2,https://almascience.eso.org/dataPortal/2019.1.00195.L_uid___A001_X146c_Xf2_001_of_001.tar,213.51,https://almascience.eso.org/dataPortal/2019.1.00195.L_uid___A001_X146c_Xf2_auxiliary.tar,0.54,https://almascience.eso.org/dataPortal/member.uid___A001_X146c_Xf2.README.txt,Success,
uid___A001_X146c_Xf9,https://almascience.eso.org/dataPortal/2019.1.00195.L_uid___A001_X146c_Xf9_001_of_001.tar,210.91,https://almascience.eso.org/dataPortal/2019.1.00195.L_uid___A001_X146c_Xf9_auxiliary.tar,0.97,https://almascience.eso.org/dataPortal/member.uid___A001_X146c_Xf9.README.txt,Success,
