MOUS,ms_url
uid___A001_X1467_X1d5,https://casdc.china-vo.org/mirror/ALMAGAL/2019.1.00195.L/MS/uid___A001_X1467_X1d5_calibrated_final.ms/
uid___A001_X1467_X1d7,https://casdc.china-vo.org/mirror/ALMAGAL/2019.1.00195.L/MS/uid___A001_X1467_X1d7/uid___A002_Xe20b32_X6541/uid___A002_Xe20b32_X6541.ms
uid___A001_X1467_X1d9,https://casdc.china-vo.org/mirror/ALMAGAL/2019.1.00195.L/MS/uid___A001_X1467_X1d9/uid___A002_Xe20b32_X1ba/uid___A002_Xe20b32_X1ba.1671321266/uid___A002_Xe20b32_X1ba.ms
uid___A001_X1467_X1dc,https://casdc.china-vo.org/mirror/ALMAGAL/2019.1.00195.L/MS/uid___A001_X1467_X1dc_calibrated_final.ms/
uid___A001_X1467_X1de,https://casdc.china-vo.org/mirror/ALMAGAL/2019.1.00195.L/MS/uid___A001_X1467_X1de/uid___A002_Xe220f2_X25d6/uid___A002_Xe20b32_X66f8.ms
uid___A001_X1467_X1e0,https://casdc.china-vo.org/mirror/ALMAGAL/2019.1.00195.L/MS/uid___A001_X1467_X1e0/uid___A002_Xe220f2_X1f91/uid___A002_Xe20b32_X6322.ms
uid___A001_X1467_X1e3,https://casdc.china-vo.org/mirror/ALMAGAL/2019.1.00195.L/MS/uid___A001_X1467_X1e3_calibrated_final.ms/
uid___A001_X1467_X1e7,https://casdc.china-vo.org/mirror/ALMAGAL/2019.1.00195.L/MS/uid___A001_X1467_X1e7/uid___A002_Xe7ca5a_X104a3/uid___A002_Xe29133_X8283.ms
uid___A001_X1467_X1ea,https://casdc.china-vo.org/mirror/ALMAGAL/2019.1.00195.L/MS/uid___A001_X1467_X1ea_calibrated_final.ms/
uid___A001_X1467_X1ec,https://casdc.china-vo.org/mirror/ALMAGAL/2019.1.00195.L/MS/uid___A001_X1467_X1ec/uid___A002_Xe2ada9_X124f9/uid___A002_Xe2ada9_X121c8.ms
uid___A001_X1467_X1ee,https://casdc.china-vo.org/mirror/ALMAGAL/2019.1.00195.L/MS/uid___A001_X1467_X1ee/uid___A002_Xe44309_X5e7b/uid___A002_Xe37224_X86b0.ms
uid___A001_X1467_X1f3,https://casdc.china-vo.org/mirror/ALMAGAL/2019.1.00195.L/MS/uid___A001_X1467_X1f3/uid___A002_Xe2ada9_X92ea/uid___A002_Xe2ada9_X92ea.ms
uid___A001_X1467_X1f5,https://casdc.china-vo.org/mirror/ALMAGAL/2019.1.00195.L/MS/uid___A001_X1467_X1f5/uid___A002_Xe220f2_X129b/uid___A002_Xe220f2_X129b.ms
uid___A001_X1467_X1fa,https://casdc.china-vo.org/mirror/ALMAGAL/2019.1.00195.L/MS/uid___A001_X1467_X1fa/uid___A002_Xe7ca5a_X3ee5/uid___A002_Xe64b7b_X25214.ms
uid___A001_X1467_X1fc,https://casdc.china-vo.org/mirror/ALMAGAL/2019.1.00195.L/MS/uid___A001_X1467_X1fc/uid___A002_Xe31981_X94f7/uid___A002_Xe2eefc_X12300.ms
uid___A001_X1467_X20,https://casdc.china-vo.org/mirror/ALMAGAL/2019.1.00195.L/MS/uid___A001_X1467_X20/uid___A002_Xe29133_Xd152/uid___A002_Xe29133_Xd152.ms
uid___A001_X1467_X201,https://casdc.china-vo.org/mirror/ALMAGAL/2019.1.00195.L/MS/uid___A001_X1467_X201/uid___A002_Xe220f2_X58a4/uid___A002_Xe220f2_X58a4.ms
uid___A001_X1467_X203,https://casdc.china-vo.org/mirror/ALMAGAL/2019.1.00195.L/MS/uid___A001_X1467_X203/uid___A002_Xe1baa0_X7c79/uid___A002_Xe1baa0_X7c79.ms
uid___A001_X1467_X208,https://casdc.china-vo.org/mirror/ALMAGAL/2019.1.00195.L/MS/uid___A001_X1467_X208/uid___A002_Xe29133_Xd152/uid___A002_Xe29133_Xd152.ms
uid___A001_X1467_X20a,https://casdc.china-vo.org/mirror/ALMAGAL/2019.1.00195.L/MS/uid___A001_X1467_X20a/uid___A002_Xe2ada9_Xf07e/uid___A002_Xe2ada9_Xf07e.ms
uid___A001_X1467_X20f,https://casdc.china-vo.org/mirror/ALMAGAL/2019.1.00195.L/MS/uid___A001_X1467_X20f/uid___A002_Xe230a1_X3bca/uid___A002_Xe230a1_X3bca.ms
uid___A001_X1467_X211,https://casdc.china-vo.org/mirror/ALMAGAL/2019.1.00195.L/MS/uid___A001_X1467_X211/uid___A002_Xe29133_Xd081/uid___A002_Xe1f219_X3286.ms
uid___A001_X1467_X216,https://casdc.china-vo.org/mirror/ALMAGAL/2019.1.00195.L/MS/uid___A001_X1467_X216/uid___A002_Xe230a1_X3c97/uid___A002_Xe230a1_X3c97.ms
uid___A001_X1467_X218,https://casdc.china-vo.org/mirror/ALMAGAL/2019.1.00195.L/MS/uid___A001_X1467_X218/uid___A002_Xe20b32_X8657/uid___A002_Xe20b32_X8657.ms
uid___A001_X1467_X21d,https://casdc.china-vo.org/mirror/ALMAGAL/2019.1.00195.L/MS/uid___A001_X1467_X21d/uid___A002_Xe29133_Xc7cc/uid___A002_Xe29133_Xc7cc.ms
uid___A001_X1467_X21f,https://casdc.china-vo.org/mirror/ALMAGAL/2019.1.00195.L/MS/uid___A001_X1467_X21f/uid___A002_Xe1d2cb_X5af5/uid___A002_Xe1d2cb_X5af5.ms
uid___A001_X1467_X224,https://casdc.china-vo.org/mirror/ALMAGAL/2019.1.00195.L/MS/uid___A001_X1467_X224/uid___A002_Xe31981_X100df/uid___A002_Xe31981_X100df.ms
uid___A001_X1467_X226,https://casdc.china-vo.org/mirror/ALMAGAL/2019.1.00195.L/MS/uid___A001_X1467_X226/uid___A002_Xe2ada9_X195c1/uid___A002_Xe247d0_X1982.ms
uid___A001_X1467_X22b,https://casdc.china-vo.org/mirror/ALMAGAL/2019.1.00195.L/MS/uid___A001_X1467_X22b/uid___A002_Xe2ada9_X11271/uid___A002_Xe2ada9_X11271.ms
uid___A001_X1467_X22d,https://casdc.china-vo.org/mirror/ALMAGAL/2019.1.00195.L/MS/uid___A001_X1467_X22d/uid___A002_Xe2eefc_X10ff7/uid___A002_Xe2ada9_X1248c.ms
uid___A001_X1467_X232,https://casdc.china-vo.org/mirror/ALMAGAL/2019.1.00195.L/MS/uid___A001_X1467_X232/uid___A002_Xe34c04_X11381/uid___A002_Xe32bed_X109fc.ms
uid___A001_X1467_X234,https://casdc.china-vo.org/mirror/ALMAGAL/2019.1.00195.L/MS/uid___A001_X1467_X234/uid___A002_Xe3da01_X3e25/uid___A002_Xe37224_X7beb.ms
uid___A001_X1467_X239,https://casdc.china-vo.org/mirror/ALMAGAL/2019.1.00195.L/MS/uid___A001_X1467_X239/uid___A002_Xe31981_X10d57/uid___A002_Xe31981_X10d57.ms
uid___A001_X1467_X23b,https://casdc.china-vo.org/mirror/ALMAGAL/2019.1.00195.L/MS/uid___A001_X1467_X23b/uid___A002_Xe1f219_Xc944/uid___A002_Xe1f219_Xc944.ms
uid___A001_X1467_X23e,https://casdc.china-vo.org/mirror/ALMAGAL/2019.1.00195.L/MS/uid___A001_X1467_X23e/uid___A002_Xed9025_X68bb/uid___A002_Xed9025_X6407.ms
uid___A001_X1467_X240,https://casdc.china-vo.org/mirror/ALMAGAL/2019.1.00195.L/MS/uid___A001_X1467_X240/uid___A002_Xe2ada9_X19d94/uid___A002_Xe2ada9_X19d94.ms
uid___A001_X1467_X242,https://casdc.china-vo.org/mirror/ALMAGAL/2019.1.00195.L/MS/uid___A001_X1467_X242/uid___A002_Xe29133_X5ae9/uid___A002_Xe230a1_X4315.ms
uid___A001_X146c_X97,https://casdc.china-vo.org/mirror/ALMAGAL/2019.1.00195.L/MS/uid___A001_X146c_X97/uid___A002_Xeaae1d_X59da/uid___A002_Xeaae1d_X59da.ms
uid___A001_X146c_X99,https://casdc.china-vo.org/mirror/ALMAGAL/2019.1.00195.L/MS/uid___A001_X146c_X99/uid___A002_Xe2ada9_X19849/uid___A002_Xe2ada9_X19849.ms
uid___A001_X146c_X9b,https://casdc.china-vo.org/mirror/ALMAGAL/2019.1.00195.L/MS/uid___A001_X146c_X9b/uid___A002_Xe1d2cb_Xe594/uid___A002_Xe1d2cb_Xe594.ms
uid___A001_X146c_Xa0,https://casdc.china-vo.org/mirror/ALMAGAL/2019.1.00195.L/MS/uid___A001_X146c_Xa0/uid___A002_Xe2ada9_X196b1/uid___A002_Xe2ada9_X196b1.ms
uid___A001_X146c_Xa2,https://casdc.china-vo.org/mirror/ALMAGAL/2019.1.00195.L/MS/uid___A001_X146c_Xa2/uid___A002_Xe20b32_X84e7/uid___A002_Xe20b32_X84e7.ms
uid___A001_X146c_Xa7,https://casdc.china-vo.org/mirror/ALMAGAL/2019.1.00195.L/MS/uid___A001_X146c_Xa7/uid___A002_Xe50c9e_Xfb3e/uid___A002_Xe37224_X106c8.ms
uid___A001_X146c_Xa9,https://casdc.china-vo.org/mirror/ALMAGAL/2019.1.00195.L/MS/uid___A001_X146c_Xa9/uid___A002_Xe1d2cb_X5ec2/uid___A002_Xe1d2cb_X5ec2.ms
uid___A001_X146c_Xae,https://casdc.china-vo.org/mirror/ALMAGAL/2019.1.00195.L/MS/uid___A001_X146c_Xae/uid___A002_Xe37224_X10384/uid___A002_Xe37224_X10384.ms
uid___A001_X146c_Xb0,https://casdc.china-vo.org/mirror/ALMAGAL/2019.1.00195.L/MS/uid___A001_X146c_Xb0/uid___A002_Xe247d0_X2f14/uid___A002_Xe220f2_X729c.ms
uid___A001_X146c_Xb3,https://casdc.china-vo.org/mirror/ALMAGAL/2019.1.00195.L/MS/uid___A001_X146c_Xb3/uid___A002_Xeaae1d_X952c/uid___A002_Xe1baa0_X8721.ms
uid___A001_X146c_Xb5,https://casdc.china-vo.org/mirror/ALMAGAL/2019.1.00195.L/MS/uid___A001_X146c_Xb5/uid___A002_Xe2ada9_X19738/uid___A002_Xe2ada9_X19738.ms
uid___A001_X146c_Xbc,https://casdc.china-vo.org/mirror/ALMAGAL/2019.1.00195.L/MS/uid___A001_X146c_Xbc/uid___A002_Xe2ada9_X1994b/uid___A002_Xe2ada9_X1994b.ms
uid___A001_X146c_Xbe,https://casdc.china-vo.org/mirror/ALMAGAL/2019.1.00195.L/MS/uid___A001_X146c_Xbe/uid___A002_Xe2ada9_Xe803/uid___A002_Xe20b32_X8967.ms
uid___A001_X146c_Xc1,https://casdc.china-vo.org/mirror/ALMAGAL/2019.1.00195.L/MS/uid___A001_X146c_Xc1/uid___A002_Xeaff9c_X12f0/uid___A002_Xe850fb_Xc7b4.ms
uid___A001_X146c_Xc3,https://casdc.china-vo.org/mirror/ALMAGAL/2019.1.00195.L/MS/uid___A001_X146c_Xc3/uid___A002_Xe407cf_X153f0/uid___A002_Xe3da01_X621b.ms
uid___A001_X146c_Xc5,https://casdc.china-vo.org/mirror/ALMAGAL/2019.1.00195.L/MS/uid___A001_X146c_Xc5/uid___A002_Xe247d0_Xd1db/uid___A002_Xe230a1_X8333.ms
uid___A001_X146c_Xc8,https://casdc.china-vo.org/mirror/ALMAGAL/2019.1.00195.L/MS/uid___A001_X146c_Xc8/uid___A002_Xeb6c00_Xde7/uid___A002_Xeaff9c_X3727.ms
uid___A001_X146c_Xcc,https://casdc.china-vo.org/mirror/ALMAGAL/2019.1.00195.L/MS/uid___A001_X146c_Xcc/uid___A002_Xe32bed_X3b0/uid___A002_Xe2ada9_Xa4c7.ms
uid___A001_X146c_Xd1,https://casdc.china-vo.org/mirror/ALMAGAL/2019.1.00195.L/MS/uid___A001_X146c_Xd1/uid___A002_Xf6c53e_X2463/uid___A002_Xe539c7_Xff08.ms
uid___A001_X146c_Xd3,https://casdc.china-vo.org/mirror/ALMAGAL/2019.1.00195.L/MS/uid___A001_X146c_Xd3/uid___A002_Xe407cf_X15c4d/uid___A002_Xe34c04_X2e7.ms
uid___A001_X146c_Xd8,https://casdc.china-vo.org/mirror/ALMAGAL/2019.1.00195.L/MS/uid___A001_X146c_Xd8/uid___A002_Xe3da01_X5d44/uid___A002_Xe3da01_X5d44.ms
uid___A001_X146c_Xda,https://casdc.china-vo.org/mirror/ALMAGAL/2019.1.00195.L/MS/uid___A001_X146c_Xda/uid___A002_Xe27761_X4410/uid___A002_Xe247d0_X124b4.ms
uid___A001_X146c_Xe1,https://casdc.china-vo.org/mirror/ALMAGAL/2019.1.00195.L/MS/uid___A001_X146c_Xe1/uid___A002_Xe64b7b_X8881/uid___A002_Xe48598_X103c3.ms
uid___A001_X146c_Xe6,https://casdc.china-vo.org/mirror/ALMAGAL/2019.1.00195.L/MS/uid___A001_X146c_Xe6/uid___A002_Xf82791_Xb21/uid___A002_Xe5ed76_X6d82.ms
uid___A001_X146c_Xe8,https://casdc.china-vo.org/mirror/ALMAGAL/2019.1.00195.L/MS/uid___A001_X146c_Xe8/uid___A002_Xe4f0a6_X647a/uid___A002_Xe48598_X17cee.ms
uid___A001_X146c_Xed,https://casdc.china-vo.org/mirror/ALMAGAL/2019.1.00195.L/MS/uid___A001_X146c_Xed/uid___A002_Xe5ed76_X5aa3/uid___A002_Xe3da01_X4a34.ms
uid___A001_X146c_Xef,https://casdc.china-vo.org/mirror/ALMAGAL/2019.1.00195.L/MS/uid___A001_X146c_Xef/uid___A002_Xe48598_X298e0/uid___A002_Xe2ada9_X7d2e.ms
uid___A001_X146c_Xf2,https://casdc.china-vo.org/mirror/ALMAGAL/2019.1.00195.L/MS/uid___A001_X146c_Xf2/uid___A002_Xeaff9c_X31b6/uid___A002_Xeae3c6_X2b5e.ms
uid___A001_X146c_Xf4,https://casdc.china-vo.org/mirror/ALMAGAL/2019.1.00195.L/MS/uid___A001_X146c_Xf4/uid___A002_Xe34c04_X10e07/uid___A002_Xe34c04_X10e07.ms
uid___A001_X146c_Xf6,https://casdc.china-vo.org/mirror/ALMAGAL/2019.1.00195.L/MS/uid___A001_X146c_Xf6/uid___A002_Xe34c04_Xf76a/uid___A002_Xe247d0_Xaccd.ms
uid___A001_X146c_Xfb,https://casdc.china-vo.org/mirror/ALMAGAL/2019.1.00195.L/MS/uid___A001_X146c_Xfb/uid___A002_Xe3da01_X45e0/uid___A002_Xe3a5fd_X17dd6.ms
uid___A001_X146c_Xfd,https://casdc.china-vo.org/mirror/ALMAGAL/2019.1.00195.L/MS/uid___A001_X146c_Xfd/uid___A002_Xe407cf_X1b7e4/uid___A002_Xe407cf_X14986.ms
